{"cameraMode":{"drawMode":0,"name":"Shaded","section":"Shading Mode"},"sceneLighting":true,"audioPlay":false,"sceneViewState":{"m_AlwaysRefresh":false,"showFog":true,"showSkybox":true,"showFlares":true,"showImageEffects":true,"showParticleSystems":true,"showVisualEffectGraphs":true,"m_FxEnabled":true},"in2DMode":false,"pivot":{"x":-1.3816156387329102,"y":-29.371320724487306,"z":3.952681064605713},"rotation":{"x":0.6589263677597046,"y":-0.003385010873898864,"z":0.002965517807751894,"w":0.7521955966949463},"size":22.107532501220704,"orthographic":false}